jsonlの名前,対応している全部品
BATs-001-02 排煙バルブ開弁圧力,"パックシール材、排煙バルブ、呼吸膜、ロアケース、アッパーケース、セル、PNコネクタ、コネクタブロック、コネクタブロックシール材"
BATs-004-02 絶縁保護材の耐熱要求確認,"絶縁カバー、アッパー断熱、ロアケース、アッパーケース、MOD間バスバ、セル、J/B、SBM、高圧ヒューズ、BBMコネクタ、総±バスバー、W/H、端子台、PN絶縁板"
BATs-009-02 ブラスト後の絶縁抵抗維持,"絶縁カバー、パックシール材、アッパー断熱、排煙バルブ、呼吸膜、アッパーケース、MOD間バスバ、セル、PN絶縁板"
BATs-010-02 排煙バルブからの酸素逆流防止,"パックシール材、排煙バルブ、呼吸膜、ロアケース、アッパーケース、コネクタブロックシール材"
BATs-013-02 セル排煙箇所の限定,セル
BATs-015-02 測定条件およびばらつきの考慮,"セル間断熱材、エンドプレート、拘束、ロアケース、セル、冷却器、熱伝導材、総±バスバー、構造用接着剤(セル接着剤)"
BATs-017-02 シール部圧力の制限,"パックシール材、アッパー断熱、排煙バルブ、ロアケース、アッパーケース、セル、コネクタブロックシール材"
BATs-019-02 排煙バルブの噴出範囲外配置,"排煙バルブ、呼吸膜、セル、J/B、SBM、PNコネクタ、高圧ヒューズ、ECU、BBMコネクタ、総±バスバー"
BATs-024-02 セル噴出範囲の制限,"絶縁カバー、アッパー断熱、アッパーケース"
BATs-029-02 セル間短絡防止,"絶縁カバー、アッパー断熱、MOD間バスバ、J/B、SBM、PNコネクタ、高圧ヒューズ、ECU、BBM、BBMコネクタ、総±バスバー、端子台、PN絶縁板"
BATs-029-03 MOD間バスバ短絡防止,"絶縁カバー、アッパー断熱、MOD間バスバ、J/B、SBM、PNコネクタ、高圧ヒューズ、ECU、BBM、BBMコネクタ、総±バスバー、端子台、PN絶縁板"
BATs-029-04 BBMコネクタ短絡防止,"絶縁カバー、アッパー断熱、MOD間バスバ、J/B、SBM、PNコネクタ、高圧ヒューズ、ECU、BBM、BBMコネクタ、総±バスバー、端子台、PN絶縁板"
BATs-029-05 セル直上短絡防止,"絶縁カバー、アッパー断熱、MOD間バスバ、J/B、SBM、PNコネクタ、高圧ヒューズ、ECU、BBM、BBMコネクタ、総±バスバー、端子台、PN絶縁板"
BATs-044-02 MOD間直接リークパス防止,"絶縁カバー、アッパー断熱、ロアケース、アッパーケース、MOD間バスバ、総±バスバー"
BATs-044-03 ケース・バスバ経由リークパス防止,"絶縁カバー、アッパー断熱、ロアケース、アッパーケース、MOD間バスバ、総±バスバー"
BATs-049-02 発煙セルと排煙バルブの距離,"拘束、アッパー断熱、排煙バルブ、ロアケース、アッパーケース、セル、J/B、SBM、PNコネクタ、高圧ヒューズ、ECU、BBM、総±バスバー"
BATs-064-02 警報継続時間,"ECU、排煙サーミスタ"